Charge,Count,Percentage
1,19,0.007600000000000001
2,148093,59.2372
3,85273,34.1092
4,15590,6.236
5,964,0.3856
6,61,0.024399999999999998
