,Length,Charge,NonzeroPeaks
Length,1.0,0.4845794132172272,0.7146876882568036
Charge,0.4845794132172272,1.0,0.44909507806497584
NonzeroPeaks,0.7146876882568036,0.44909507806497584,1.0
