Statistic,Value
Min,3.0
Max,89.0
Mean,22.83394517889319
Median,22.0
Std,8.500449989959716
