Statistic,Value
Min,7.0
Max,30.0
Mean,13.448275933189088
Median,13.0
Std,4.487199268728205
P90,19.0
P95,22.0
